BookISBN;BookTitle;BookDescription;BookIdSeries;BookCirculation;BookIdPublisher;BookIdBinding;BookSize;BookPageCount;BookPrice;BookDiscount;BooksQuantityInNetwork;;;;;;;;;;;;;;
9785899130013    ;Волшебный лес;Эта книга - захватывающее путешествие в мир фантастики, где герои сталкиваются с неизвестными опасностями.;1;5730;89913;4;11x19 см;621;720.00;30;3679;;1;Волшебный лес;;;;;;;1;;;;
9785666310024    ;Загадки магических рун;В этой книге рассказывается история о поиске приключений и смысла жизни в мире полном загадок.;2;7050;66631;5;13x23 см;577;730.00;5;5565;;2;Загадки магических рун;;;;;;;2;;;;Волшебный лес
9785649850036    ;Магия и приключения в мире;Страницы этой книги наполнились магией и интригами, которые заставят читателя держать дыхание.;9;7310;64985;3;12x23 см;674;610.00;40;2178;;3;Магия и приключения в мире;;;;;;;3;;;;Загадки магических рун
9785109660044    ;Таинственные земли;Здесь вы найдете вдохновляющие истории о том, как преодолеть трудности и найти свой путь к успеху.;13;3610;10966;3;11x23 см;507;540.00;29;3397;;4;Таинственные земли;;;;;;;4;;;;Магия и приключения в мире
9785190400057    ;Сокровища подземелий;Эта книга расскажет о путешествии главных героев и о том, как они нашли смысл в самых невероятных местах.;14;3110;19040;1;15x19 см;679;510.00;48;5032;;5;Сокровища подземелий;;;;;;;5;;;;Таинственные земли
9785162010068    ;Подводные приключения;Странички этой книги скрывают тайны и приключения, которые ждут своего открытия.;3;7690;16201;2;15x21 см;749;840.00;32;3875;;6;Подводные приключения;;;;;;;6;;;;Сокровища подземелий
9785122400078    ;Чудеса под водой;В этой книге каждый герой ищет свое место в мире, и только читатель может помочь им найти ответы.;NULL;;12240;1;16x24 см;635;550.00;26;1810;;7;Чудеса под водой;;;;;;;7;;;;Подводные приключения
9785122400084    ;В поисках атлантов;Загадочные события и неожиданные повороты сюжета ожидают вас на страницах этой захватывающей книги.;14;;12240;5;14x24 см;563;520.00;48;1379;;8;В поисках атлантов;;;;;;;8;;;;Чудеса под водой
9785266980092    ;Загадки далёких океанов;Очаровательные истории о любви и дружбе разгадывают тайны человеческих отношений и чувств.;9;3200;26698;4;16x20 см;622;790.00;37;3263;;9;Загадки далёких океанов;;;;;;;9;;;;В поисках атлантов
9785128950104    ;Магический мир;В этой книге вы найдете увлекательные рассказы о приключениях, которые заставят вас мечтать.;NULL;2400;12895;4;11x22 см;891;900.00;41;2727;;10;Магический мир;;;;;;;10;;;;Загадки далёких океанов
9785431210113    ;По следам магии;Эта книга расскажет вам о мудрости и философии, которые помогут вам лучше понять смысл жизни.;NULL;2470;43121;4;11x21 см;526;750.00;27;6668;;11;По следам магии;;;;;;;11;;;;Магический мир
9785190400127    ;Загадочные замки;В этой книге каждая история - это путешествие в прошлое, где герои исследуют тайны своего прошлого.;13;4500;19040;3;13x23 см;672;870.00;18;4362;;12;Загадочные замки;;;;;;;12;;;;По следам магии
9785649850132    ;Волшебные подземелья;Страницы этой книги наполнены страстью и романтикой, которые заставят ваше сердце биться быстрее.;13;6130;64985;3;14x21 см;691;810.00;17;4823;;13;Волшебные подземелья;;;;;;;13;;;;Загадочные замки
9785899130142    ;Приключения в магической школе;Здесь вы найдете вдохновляющие истории о смелых женщинах, которые меняли мир.;14;7420;89913;2;14x20 см;888;890.00;2;5036;;14;Приключения в магической школе;;;;;;;14;;;;Волшебные подземелья
9785666310158    ;Волшебные тайны;Эта книга приглашает вас в мир фантастических приключений и загадок, которые нужно решить.;8;;66631;1;11x20 см;537;740.00;28;3729;;15;Волшебные тайны;;;;;;;15;;;;Приключения в магической школе
9785649850160    ;Тайны археологии;Странички этой книги скрывают тайны магии и волшебства, ожидающие своих героев.;7;6160;64985;4;15x19 см;554;630.00;35;772;;16;Тайны археологии;;;;;;;16;;;;Волшебные тайны
9785109660175    ;В поисках магических артефактов;В этой книге вы найдете ответы на вопросы о происхождении человека и его месте во вселенной.;11;;10966;1;12x22 см;794;880.00;3;4375;;17;В поисках магических артефактов;;;;;;;17;;;;Тайны археологии
9785190400187    ;Магические приключения;Загадочные сюжеты и интриги сделают вас зависимыми от каждой страницы этой книги.;5;;19040;3;16x21 см;570;740.00;46;3711;;18;Магические приключения;;;;;;;18;;;;В поисках магических артефактов
9785431210195    ;Загадочные сокровища;Очаровательные рассказы о приключениях и путешествиях заставят вас мечтать о новых горизонтах.;4;2710;43121;6;15x23 см;593;530.00;27;2405;;19;Загадочные сокровища;;;;;;;19;;;;Магические приключения
9785122400209    ;По следам магических артефактов;В этой книге каждый герой ищет свое призвание, и только вы сможете помочь им найти путь.;4;520;12240;5;16x24 см;563;570.00;20;3749;;20;По следам магических артефактов;;;;;;;20;;;;Загадочные сокровища
9785266980212    ;Магическая природа;Эта книга погрузит вас в мир загадок и тайн, где каждый шаг - это новое открытие.;7;3030;26698;2;14x20 см;516;770.00;2;5408;;21;Магическая природа;;;;;;;21;;;;По следам магических артефактов
9785266980224    ;Тень Мага;В этой книге вы найдете истории о борьбе за выживание и о несгибаемой воле к победе.;3;;26698;3;12x22 см;900;780.00;11;2374;;22;Тень Мага;;;;;;;22;;;;Магическая природа
9785190400239    ;Загадки прошлого;Страницы этой книги наполнены чудесами природы и волшебством, которое ожидает открытия.;10;6270;19040;3;13x22 см;660;660.00;25;4068;;23;Загадки прошлого;;;;;;;23;;;;
9785431210240    ;Путь в неизведанное;Здесь вы найдете вдохновляющие истории о силе дружбы и важности семьи.;14;2300;43121;6;15x24 см;865;810.00;15;3010;;24;Путь в неизведанное;;;;;;;24;;;;
9785649850257    ;Сквозь мрак;Эта книга предлагает вам путешествие в прошлое, где герои исследуют тайны давно ушедших времен.;4;950;64985;1;14x20 см;751;540.00;11;1772;;25;Сквозь мрак;;;;;;;25;;;;
9785266980269    ;Орден драконов;Странички этой книги скрывают загадки и приключения, которые ждут вас на каждой странице.;NULL;2110;26698;4;16x23 см;680;850.00;42;5901;;26;Орден драконов;;;;;;;26;;;;
9785666310273    ;Магическая академия;В этой книге герои преодолевают преграды и находят смысл в самых невероятных обстоятельствах.;12;7310;66631;4;13x23 см;680;560.00;20;3620;;27;Магическая академия;;;;;;;27;;;;
9785262070289    ;По следам загадок;Загадочные истории и неожиданные развороты событий ждут вас на страницах этой увлекательной книги.;3;6410;26207;6;14x20 см;760;750.00;26;280;;28;По следам загадок;;;;;;;28;;;;
9785666310295    ;Забытый остров;Очаровательные рассказы о любви и страсти заставят ваше сердце биться сильнее.;3;1260;66631;6;13x22 см;843;520.00;13;4584;;29;Забытый остров;;;;;;;29;;;;
9785207200303    ;Приключения во времени;В этой книге каждый персонаж ищет свой путь и открывает новые возможности.;12;;20720;2;11x19 см;581;780.00;38;0;;30;Приключения во времени;;;;;;;30;;;;
9785431210316    ;Секреты древних храмов;Эта книга приглашает вас на увлекательное путешествие в мир фантастических приключений и магии.;8;1090;43121;2;16x22 см;503;690.00;10;4369;;31;Секреты древних храмов;;;;;;;31;;;;
9785649850324    ;Драконы и герои;В этой книге рассказывается история о смелых искателях приключений, готовых рискнуть всем ради цели.;5;6530;64985;1;15x20 см;867;790.00;29;1327;;32;Драконы и герои;;;;;;;32;;;;
9785162010331    ;Мир сновидений;Страницы этой книги наполнены интригой и загадками, которые заставят вас размышлять.;3;1590;16201;1;15x24 см;709;520.00;20;6581;;33;Мир сновидений;;;;;;;33;;;;
9785262070349    ;Космическая одиссея;Здесь вы найдете захватывающие истории о выдающихся личностях, меняющих ход истории.;1;7110;26207;3;12x21 см;797;740.00;22;2450;;34;Космическая одиссея;;;;;;;34;;;;
9785162010356    ;Семейные тайны;Эта книга предлагает вам взглянуть на мир с разных сторон и найти ответы на вопросы о жизни.;NULL;4650;16201;4;13x20 см;539;810.00;6;4102;;35;Семейные тайны;;;;;;;35;;;;
9785207200366    ;Зов джунглей;Странички этой книги скрывают в себе уроки и мудрость, которые можно применить в повседневной жизни.;6;4690;20720;6;16x21 см;684;560.00;13;1970;;36;Зов джунглей;;;;;;;36;;;;
9785355410375    ;Искусство выживания;В этой книге герои борются с темными силами и исследуют невидимые грани реальности.;5;2760;35541;1;15x24 см;757;700.00;28;1519;;37;Искусство выживания;;;;;;;37;;;;
9785419780384    ;Свет и тьма;Загадочные события и неожиданные повороты сюжета ждут вас на каждой странице.;8;3490;41978;3;12x20 см;788;800.00;15;2445;;38;Свет и тьма;;;;;;;38;;;;
9785266980393    ;Стражи портала;Очаровательные рассказы о приключениях и открытиях откроют перед вами мир новых возможностей.;8;;26698;3;15x24 см;780;690.00;4;0;;39;Стражи портала;;;;;;;39;;;;
9785355410404    ;Легенда о герое;В этой книге каждый персонаж ищет свое место в жизни и сталкивается с вызовами судьбы.;NULL;;35541;1;12x20 см;871;580.00;7;6445;;40;Легенда о герое;;;;;;;40;;;;
9785419780419    ;Подземные миры;Эта книга перенесет вас в мир древних легенд и героических подвигов, где судьбы переплетаются.;5;4770;41978;3;11x23 см;860;660.00;14;0;;41;Подземные миры;;;;;;;41;;;;
9785165800426    ;В поисках сокровищ;В этой книге рассказывается о смелых искателях приключений, готовых идти до конца ради своих целей.;4;6510;16580;3;12x20 см;777;560.00;30;4312;;42;В поисках сокровищ;;;;;;;42;;;;
9785128900436    ;Тайны магического ордена;Страницы этой книги наполняются магией и волшебством, создавая уникальную атмосферу волшебных миров.;3;5280;12890;1;16x23 см;673;630.00;3;3187;;43;Тайны магического ордена;;;;;;;43;;;;
9785190400447    ;Охотники за загадками;Здесь вы найдете увлекательные истории о путешествиях, открывающих новые горизонты познания.;1;4110;19040;5;12x21 см;635;510.00;4;6589;;44;Охотники за загадками;;;;;;;44;;;;
9785419780453    ;Магия в крови;Эта книга предлагает углубиться в тайны человеческой души и раскроет перед вами ее многогранность.;8;7000;41978;3;16x19 см;525;600.00;24;2516;;45;Магия в крови;;;;;;;45;;;;
9785513530464    ;Приключения в мире фантастики;Странички этой книги скрывают загадки и решения, которые помогут вам преодолеть жизненные трудности.;3;3260;51353;4;14x22 см;882;510.00;32;0;;46;Приключения в мире фантастики;;;;;;;46;;;;
9785262070476    ;Путешествие в неизведанное;В этой книге герои ищут свой путь в мире, полном возможностей и испытаний.;5;3870;19040;3;13x23 см;615;550.00;17;6537;;47;Путешествие в неизведанное;;;;;;;47;;;;
9785162010485    ;Тайны прошлого;Загадочные события и неожиданные открытия сделают ваше чтение увлекательным и захватывающим.;5;1510;12890;3;15x23 см;826;710.00;15;5601;;48;Тайны прошлого;;;;;;;48;;;;
9785419780498    ;Загадки вселенной;Очаровательные рассказы о приключениях и смелых решениях откроют перед вами новые горизонты.;4;540;16201;5;12x20 см;805;570.00;31;683;;49;Загадки вселенной;;;;;;;49;;;;
9785207200509    ;Секреты времени;В этой книге каждый персонаж ищет свое призвание и находит смысл в своих действиях.;13;5260;66631;4;15x20 см;550;700.00;21;6818;;50;Секреты времени;;;;;;;50;;;;
9785649850515    ;Магия и приключения;Эта книга откроет перед вами мир искусства и творчества, где каждый момент становится важным.;14;5110;64985;3;13x20 см;676;890.00;37;1168;;51;Магия и приключения;;;;;;;51;;;;
9785162010527    ;Романтика под звездами;В этой книге рассказывается о стремлении к знанию и познанию, о вечной жажде открытий.;10;4510;64985;6;14x22 см;568;550.00;41;3010;;52;Романтика под звездами;;;;;;;52;;;;
9785262070534    ;Дневник исследователя;Страницы этой книги наполнены магией слов и искусством повествования, которые завораживают.;13;1820;16580;4;16x20 см;853;650.00;9;3895;;53;Дневник исследователя;;;;;;;53;;;;
9785419780547    ;Приключения в джунглях;Здесь вы найдете вдохновляющие истории о смелых путешественниках, исследующих далекие земли.;13;3340;26698;3;13x21 см;720;850.00;5;1894;;54;Приключения в джунглях;;;;;;;54;;;;
9785128900553    ;Фантастическая реальность;Эта книга предлагает увлекательное погружение в прошлое, где история оживает на страницах.;12;7970;13395;4;14x22 см;709;570.00;20;4518;;55;Фантастическая реальность;;;;;;;55;;;;
9785666310567    ;Детективные истории;Странички этой книги скрывают ответы на главные вопросы жизни и размышления о смысле бытия.;1;;16201;6;11x20 см;654;520.00;32;1708;;56;Детективные истории;;;;;;;56;;;;
9785109660579    ;Подземный мир;В этой книге герои борются с темными силами и ищут свой путь к светлому будущему.;8;5040;26698;4;15x23 см;513;620.00;13;2964;;57;Подземный мир;;;;;;;57;;;;
9785207200581    ;Сквозь время и пространство;Загадочные тайны и интриги сделают вас частью истории и заставят вас думать.;11;6500;26698;1;14x24 см;582;870.00;5;629;;58;Сквозь время и пространство;;;;;;;58;;;;
9785262070590    ;Истории из будущего;Очаровательные рассказы о приключениях и открытиях помогут вам увидеть мир с новой стороны.;5;4560;12890;3;16x22 см;785;530.00;23;840;;59;Истории из будущего;;;;;;;59;;;;
9785899130608    ;Поиск сокровищ;В этой книге каждый персонаж стремится к переменам и ищет свое место в жизни.;3;6370;26207;1;13x19 см;764;850.00;25;241;;60;Поиск сокровищ;;;;;;;60;;;;
9785262070611    ;Тайна забытых храмов;В этой книге рассказывается история о смелых искателях приключений, готовых исследовать неизведанные миры.;6;5160;19040;2;15x22 см;775;590.00;13;5143;;61;Тайна забытых храмов;;;;;;;61;;;;
9785513530625    ;Легенды и мифы;Эта книга приглашает вас на захватывающее путешествие в прошлое и будущее, где время не имеет границ.;9;6700;19040;4;12x21 см;719;770.00;30;4731;;62;Легенды и мифы;;;;;;;62;;;;
9785431210630    ;Смерть на палубе;Страницы этой книги наполняются мудростью и философией, помогая вам размышлять над важными вопросами.;3;;13395;4;12x23 см;876;840.00;37;1453;;63;Смерть на палубе;;;;;;;63;;;;
9785666310643    ;Путешествие в параллельные миры;Здесь вы найдете истории о доблести и отваге, которые вдохновят вас на подвиги и саморазвитие.;7;2460;89913;5;11x22 см;573;780.00;18;660;;64;Путешествие в параллельные миры;;;;;;;64;;;;
9785355410650    ;Остров загадок;Эта книга предлагает вам погрузиться в мир магии и волшебства, где невозможное становится реальным.;5;6600;10966;1;13x21 см;774;770.00;1;4999;;65;Остров загадок;;;;;;;65;;;;
9785109660664    ;Приключения юных археологов;Странички этой книги скрывают тайны и загадки, ожидающие вашего разгадывания.;5;2310;19040;1;14x24 см;691;690.00;29;0;;66;Приключения юных археологов;;;;;;;66;;;;
9785419780674    ;Искусство и волшебство;В этой книге герои исследуют темные уголки человеческой души и находят свет в самых тяжелых моментах.;4;7820;41978;5;13x22 см;824;550.00;2;5306;;67;Искусство и волшебство;;;;;;;67;;;;
9785207200680    ;Подземный лабиринт;Загадочные события и неожиданные сюжетные повороты подарят вам увлекательные часы чтения.;11;7070;19040;1;13x22 см;718;790.00;29;0;;68;Подземный лабиринт;;;;;;;68;;;;
9785109660694    ;Тайная жизнь городских улиц;Очаровательные рассказы о приключениях и стремлении к цели подарят вам уверенность в своих силах.;7;5370;16580;3;13x20 см;745;570.00;45;3610;;69;Тайная жизнь городских улиц;;;;;;;69;;;;
9785109660702    ;Сила магии;В этой книге каждый персонаж ищет свой путь и осмысливает смысл жизни.;2;820;89913;5;12x21 см;526;570.00;42;5713;;70;Сила магии;;;;;;;70;;;;
9785419780719    ;Мистические истории;В этой книге вы найдете потрясающие истории о приключениях и открытиях, которые заставят вас мечтать.;13;6670;13395;4;12x20 см;869;740.00;15;3433;;71;Мистические истории;;;;;;;71;;;;
9785207200726    ;Секреты древних племен;Эта книга приглашает вас погрузиться в мир фантастики и встретиться с героями, способными изменить мир.;13;4720;26207;2;11x22 см;605;520.00;1;3747;;72;Секреты древних племен;;;;;;;72;;;;
9785109660733    ;Реальность и фантазия;Страницы этой книги наполняются таинственными событиями и загадками, ожидающими разгадывания.;11;910;26698;1;13x21 см;850;760.00;31;5895;;73;Реальность и фантазия;;;;;;;73;;;;
9785355410748    ;Поиск истины;Здесь вы найдете истории о смелых исследователях, готовых идти на край света в поисках истины.;2;2480;26698;5;13x23 см;860;600.00;43;5532;;74;Поиск истины;;;;;;;74;;;;
9785122400753    ;Путешествие в неизвестное прошлое;Эта книга предлагает вам взглянуть на мир с новой стороны и найти вдохновение для своих действий.;2;;16580;2;14x22 см;697;730.00;18;3214;;75;Путешествие в неизвестное прошлое;;;;;;;75;;;;
9785355410763    ;Таинственный остров;Странички этой книги скрывают в себе жизненные уроки и мудрость, которые можно применить в жизни.;2;3830;66631;2;11x24 см;894;530.00;11;3324;;76;Таинственный остров;;;;;;;76;;;;
9785431210775    ;В поисках приключений;В этой книге герои путешествуют во времени и преодолевают преграды, чтобы изменить ход истории.;2;540;26207;2;12x23 см;790;870.00;17;0;;77;В поисках приключений;;;;;;;77;;;;
9785122400787    ;Скрытые сокровища;Загадочные события и неожиданные сюжетные повороты сделают ваше чтение увлекательным и захватывающим.;5;560;12890;3;16x19 см;739;810.00;33;1580;;78;Скрытые сокровища;;;;;;;78;;;;
9785207200799    ;Хроники времени;Очаровательные рассказы о приключениях и дружбе наполнят вас теплом и радостью.;1;4240;64985;3;13x21 см;553;660.00;8;4473;;79;Хроники времени;;;;;;;79;;;;
9785162010802    ;Тайны магической школы;В этой книге каждый персонаж ищет свой путь и находит ответы на свои вопросы.;6;3870;13395;3;14x19 см;686;650.00;29;2173;;80;Тайны магической школы;;;;;;;80;;;;
9785207200817    ;Легенды о драконах;Эта книга откроет перед вами мир приключений и невероятных открытий, где каждая страница — это новое открытие.;12;7810;12895;6;13x23 см;872;610.00;30;2189;;81;Легенды о драконах;;;;;;;81;;;;
9785162010827    ;Загадочный мир подземелий;В этой книге вы найдете волнующие рассказы о страсти и любви, которые преодолевают все преграды.;6;1610;26698;4;13x23 см;559;840.00;46;1833;;82;Загадочный мир подземелий;;;;;;;82;;;;
9785431210830    ;Магия в каждом слове;Страницы этой книги наполняются мудрыми уроками и наставлениями, которые помогут вам в жизни.;2;6080;16580;6;11x20 см;550;540.00;35;351;;83;Магия в каждом слове;;;;;;;83;;;;
9785162010840    ;Приключения молодых исследователей;Здесь вы найдете увлекательные рассказы о путешествиях и приключениях, которые заставят вас мечтать.;12;2850;26207;6;13x21 см;760;550.00;34;5524;;84;Приключения молодых исследователей;;;;;;;84;;;;
9785419780853    ;Искусство древних цивилизаций;Эта книга предлагает вам взглянуть на мир глазами героев, которые идут до конца ради своих целей.;3;2350;66631;6;13x23 см;821;610.00;26;3164;;85;Искусство древних цивилизаций;;;;;;;85;;;;
9785122400867    ;Подводное царство;Странички этой книги скрывают тайны и загадки, ожидающие вашего разгадывания.;6;;12890;6;13x22 см;721;800.00;38;0;;86;Подводное царство;;;;;;;86;;;;
9785162010872    ;Загадки забытых мест;В этой книге герои ищут свой путь в жизни и находят вдохновение для своих мечт.;12;7590;51353;2;14x22 см;710;810.00;24;927;;87;Загадки забытых мест;;;;;;;87;;;;
9785162010881    ;Сокровища пиратов;Загадочные события и неожиданные развороты сюжета сделают ваше чтение увлекательным и захватывающим.;10;6560;89913;4;14x23 см;711;780.00;29;6778;;88;Сокровища пиратов;;;;;;;88;;;;
9785355410893    ;В поисках затерянных городов;Очаровательные рассказы о дружбе и солидарности подарят вам радость и улыбки.;8;6260;10966;4;16x19 см;870;860.00;49;6304;;89;В поисках затерянных городов;;;;;;;89;;;;
9785262070903    ;Тайна древних манускриптов;В этой книге каждый персонаж сталкивается с выборами и ищет свой путь к счастью.;8;7290;12895;1;12x21 см;647;540.00;46;0;;90;Тайна древних манускриптов;;;;;;;90;;;;
9785207200911    ;Магия времени;Эта книга приглашает вас на увлекательное путешествие в мир фантазии и волшебства.;NULL;;26207;1;12x22 см;521;500.00;19;6572;;91;Магия времени;;;;;;;91;;;;
9785266980922    ;Путешествие в древний Египет;Страницы этой книги наполнены магией и великими историями, которые оживают перед вами.;1;2610;12240;4;11x22 см;854;500.00;35;3018;;92;Путешествие в древний Египет;;;;;;;92;;;;
9785162010930    ;Загадочные существа;Здесь вы найдете рассказы о смелых путешественниках, готовых исследовать неизведанные горизонты.;8;4210;13395;1;11x22 см;682;560.00;18;2524;;93;Загадочные существа;;;;;;;93;;;;
9785513530947    ;Секреты звездного неба;Эта книга предлагает вам заглянуть в будущее и представить мир, который еще не существует.;2;7360;64985;4;13x19 см;820;730.00;0;2553;;94;Секреты звездного неба;;;;;;;94;;;;
9785899130955    ;Лабиринты и головоломки;Странички этой книги скрывают жизненные уроки и мудрость, которые можно применить в повседневной жизни.;6;6890;12895;1;11x23 см;589;710.00;47;2633;;95;Лабиринты и головоломки;;;;;;;95;;;;
9785162010964    ;Таинственные камни;В этой книге герои преодолевают трудности и находят силы идти вперед.;3;4130;12890;5;14x23 см;658;560.00;47;1827;;96;Таинственные камни;;;;;;;96;;;;
9785207200978    ;Под покровом ночи;Загадочные события и неожиданные открытия сделают ваше чтение увлекательным и захватывающим.;5;2060;16580;6;16x19 см;656;530.00;29;0;;97;Под покровом ночи;;;;;;;97;;;;
9785109660987    ;Приключения под землей;Очаровательные рассказы о приключениях и смелости подарят вам вдохновение.;2;4100;41978;3;15x21 см;789;760.00;3;5598;;98;Приключения под землей;;;;;;;98;;;;
9785109660990    ;Искусство обмана;В этой книге каждый персонаж стремится к переменам и ищет смысл жизни.;11;7140;16580;4;11x23 см;740;620.00;27;3415;;99;Искусство обмана;;;;;;;99;;;;
9785649851003    ;По следам давних цивилизаций;Эта книга приглашает вас в мир магии и волшебства, где мечты становятся реальностью.;NULL;5470;10966;3;11x24 см;547;720.00;18;5584;;100;По следам давних цивилизаций;;;;;;;100;;;;
9785649851014    ;Сокровища королей;В этой книге вы погрузитесь в мир тайн и загадок, которые ждут своего разгадывания.;12;7260;20720;1;11x20 см;615;830.00;35;1109;;101;Сокровища королей;;;;;;;101;;;;
9785190401025    ;В поисках артефактов;Эта книга откроет перед вами великие эпохи и важные события, изменившие ход истории.;6;1300;19040;1;12x21 см;552;730.00;1;6575;;102;В поисках артефактов;;;;;;;102;;;;
9785128901031    ;Тайна проклятого острова;Страницы этой книги наполнены страстью и романтикой, которые пронзят ваше сердце.;2;7030;66631;1;13x22 см;700;720.00;0;3571;;103;Тайна проклятого острова;;;;;;;103;;;;
9785419781047    ;Магический мир фантазии;Здесь вы найдете рассказы о судьбоносных выборах и их последствиях для героев.;6;3620;26207;4;14x24 см;689;740.00;15;4957;;104;Магический мир фантазии;;;;;;;104;;;;
9785190401053    ;Путешествие в мир драконов;Эта книга предлагает вам пережить волнующие приключения и стать частью их мира.;13;6400;16580;3;13x19 см;821;760.00;37;4482;;105;Путешествие в мир драконов;;;;;;;105;;;;
9785162011062    ;Загадочные двери;Странички этой книги скрывают истории о борьбе за справедливость и свободу.;3;7210;13395;1;14x21 см;829;550.00;37;341;;106;Загадочные двери;;;;;;;106;;;;
9785190401073    ;Секреты заброшенных мест;В этой книге герои исследуют темные уголки человеческой души и находят свет внутри себя.;13;770;26698;6;15x23 см;574;820.00;4;6843;;107;Секреты заброшенных мест;;;;;;;107;;;;
9785513531081    ;Легенды старых времен;Загадочные события и неожиданные сюжетные повороты сделают ваше чтение захватывающим.;1;;43121;6;12x20 см;840;800.00;3;2607;;108;Легенды старых времен;;;;;;;108;;;;
9785109661099    ;Тайная комната;Очаровательные рассказы о дружбе и преданности подарят вам радость и тепло.;8;;26698;1;14x20 см;756;890.00;35;4172;;109;Тайная комната;;;;;;;109;;;;
9785207201105    ;Под покровом луны;В этой книге каждый персонаж стремится к переменам и росту, даже в самых сложных ситуациях.;4;3460;51353;5;14x19 см;780;630.00;11;6885;;110;Под покровом луны;;;;;;;110;;;;
9785513531113    ;Приключения в мистическом мире;Эта книга приглашает вас в мир науки и открытий, где нет границ для человеческого ума.;14;7680;26698;2;13x20 см;742;590.00;5;3181;;111;Приключения в мистическом мире;;;;;;;111;;;;
9785133951122    ;Искусство выживания;Страницы этой книги наполняются мудрыми советами и наставлениями, которые помогут в жизни.;7;2310;12895;5;15x22 см;897;700.00;22;868;;112;Искусство выживания;;;;;;;112;;;;
9785128901133    ;По следам загадок;Здесь вы найдете рассказы о семейных ценностях и важности связей между людьми.;NULL;4550;43121;3;11x22 см;775;830.00;37;4957;;113;По следам загадок;;;;;;;113;;;;
9785649851144    ;Сокровища океана;Эта книга предлагает вам взглянуть на мир с новой стороны и открыть для себя неизведанные горизонты.;1;6880;19040;2;15x21 см;616;830.00;23;6005;;114;Сокровища океана;;;;;;;114;;;;
9785431211150    ;В поисках магии;Странички этой книги скрывают сказочные истории, которые погрузят вас в мир волшебства.;10;1550;16201;2;14x19 см;588;770.00;8;2421;;115;В поисках магии;;;;;;;115;;;;
9785513531165    ;Тайны королевства;В этой книге герои сталкиваются с темными силами и ищут способы их победить.;14;1310;43121;6;16x24 см;546;850.00;41;1057;;116;Тайны королевства;;;;;;;116;;;;
9785419781172    ;Магические друзья;Загадочные события и неожиданные открытия станут частью вашего литературного путешествия.;12;2520;26698;6;13x24 см;606;780.00;32;5975;;117;Магические друзья;;;;;;;117;;;;
9785162011185    ;Путешествие в прошлое и будущее;Очаровательные рассказы о приключениях и смелости вдохновят вас на смелые поступки.;10;1080;10966;5;13x21 см;707;760.00;10;5325;;118;Путешествие в прошлое и будущее;;;;;;;118;;;;
9785649851191    ;Загадочная история;В этой книге каждый персонаж ищет свое место в мире и свой путь к счастью.;8;4280;16201;2;15x19 см;752;500.00;43;1105;;119;Загадочная история;;;;;;;119;;;;
9785649851207    ;Секреты древних богов;Эта книга приглашает вас в мир мистики и загадок, где реальность переплетается с фантазией.;11;7410;16201;4;15x20 см;518;770.00;8;4657;;120;Секреты древних богов;;;;;;;120;;;;
9785899131215    ;Лабиринты времени;В этой книге вы погрузитесь в атмосферу мистики и таинственных происшествий, которые требуют разгадки.;14;7340;41978;2;16x23 см;725;720.00;19;4457;;121;Лабиринты времени;;;;;;;121;;;;
9785262071222    ;Таинственная комната;Эта книга откроет перед вами двери в фантастические миры и приключения на невероятных планетах.;9;5490;20720;6;14x23 см;626;740.00;3;2145;;122;Таинственная комната;;;;;;;122;;;;
9785165801234    ;Под покровом мрака;Страницы этой книги наполнены историческими событиями и великими деяниями великих личностей.;4;;26207;2;12x20 см;692;660.00;13;4569;;123;Под покровом мрака;;;;;;;123;;;;
9785162011240    ;Приключения в параллельной реальности;Здесь вы найдете рассказы о борьбе за выживание в дикой природе и против сил природы.;11;5380;26698;4;11x21 см;843;500.00;15;3611;;124;Приключения в параллельной реальности;;;;;;;124;;;;
9785419781256    ;Искусство путешествия;Эта книга предлагает вам погрузиться в мир фантастических существ и волшебства.;1;3380;19040;4;15x21 см;570;740.00;26;1442;;125;Искусство путешествия;;;;;;;125;;;;
9785419781269    ;По следам таинственных событий;Странички этой книги скрывают в себе тайны старинных артефактов и сокровищ.;4;2690;66631;5;13x19 см;727;820.00;40;3623;;126;По следам таинственных событий;;;;;;;126;;;;
9785355411272    ;Сокровища затерянных цивилизаций;В этой книге герои идут через огонь и воду, чтобы достичь своей цели и победить зло.;1;5590;19040;1;12x20 см;796;830.00;29;2949;;127;Сокровища затерянных цивилизаций;;;;;;;127;;;;
9785128901282    ;В поисках потерянных времен;Загадочные события и неожиданные обороты сюжета заставят вас читать даже до поздней ночи.;6;6870;64985;1;11x20 см;578;630.00;40;5010;;128;В поисках потерянных времен;;;;;;;128;;;;
9785899131294    ;Тайны забытых технологий;Очаровательные рассказы о дружбе и преданности оставят тепло в вашем сердце.;14;1620;12890;4;13x24 см;741;640.00;38;0;;129;Тайны забытых технологий;;;;;;;129;;;;
9785513531303    ;Магия искусства;В этой книге каждый персонаж ищет свое место в мире и пытается найти смысл жизни.;1;2820;19040;4;15x20 см;872;760.00;18;6205;;130;Магия искусства;;;;;;;130;;;;
9785207201316    ;Путешествие в мир загадок;Эта книга приглашает вас в мир искусства и красоты, где каждая страница — это произведение искусства.;2;;43121;1;11x21 см;679;840.00;48;2710;;131;Путешествие в мир загадок;;;;;;;131;;;;
9785109661323    ;Загадочные приключения;Страницы этой книги наполняются философскими размышлениями и глубокими мыслями.;NULL;2990;12240;3;16x20 см;650;560.00;48;3597;;132;Загадочные приключения;;;;;;;132;;;;
9785165801339    ;Секреты исчезнувших городов;Здесь вы найдете рассказы о стремлении к знаниям и поиске истины в мире.;6;3030;16201;4;16x23 см;890;680.00;24;4514;;133;Секреты исчезнувших городов;;;;;;;133;;;;
9785190401348    ;Легенды о потерянных цивилизациях;Эта книга предлагает вам погрузиться в мир музыки и звуков, которые захватывают вас с первых аккордов.;9;7180;10966;2;13x20 см;879;820.00;3;622;;134;Легенды о потерянных цивилизациях;;;;;;;134;;;;
9785666311355    ;Тайная жизнь драконов;Странички этой книги скрывают в себе секреты давно ушедших эпох и загадочные обряды.;7;3990;64985;5;13x22 см;530;520.00;35;4639;;135;Тайная жизнь драконов;;;;;;;135;;;;
9785513531366    ;Под покровом древних легенд;В этой книге герои исследуют мрачные подземелья и сталкиваются с опасными существами.;6;7420;41978;1;15x19 см;818;580.00;8;2129;;136;Под покровом древних легенд;;;;;;;136;;;;
9785128901375    ;Приключения в иных мирах;Загадочные события и неожиданные открытия превратят ваше чтение в настоящее приключение.;8;;89913;5;12x23 см;567;670.00;32;3350;;137;Приключения в иных мирах;;;;;;;137;;;;
9785666311386    ;Искусство древних магов;Очаровательные рассказы о приключениях и дружбе подарят вам множество положительных эмоций.;6;2500;26698;4;11x23 см;701;750.00;4;5989;;138;Искусство древних магов;;;;;;;138;;;;
9785133951399    ;По следам забытых магии;В этой книге каждый персонаж борется за свои убеждения и идеалы, несмотря на все трудности.;14;1450;51353;3;13x22 см;537;730.00;17;1894;;139;По следам забытых магии;;;;;;;139;;;;
9785122401403    ;Сокровища времени;Эта книга приглашает вас в мир фантастических сражений и эпических событий.;3;5370;51353;2;11x21 см;677;570.00;41;3158;;140;Сокровища времени;;;;;;;140;;;;
9785190401415    ;В поисках чудес;В этой книге вас ждут захватывающие приключения в поиске затерянных цивилизаций и сокровищ.;1;;35541;6;12x24 см;512;830.00;32;4563;;141;В поисках чудес;;;;;;;141;;;;
9785165801427    ;Тайны магических артефактов;Эта книга откроет перед вами мир магии и волшебства, где каждая страница приносит сюрпризы.;5;5680;10966;6;16x19 см;771;790.00;4;1629;;142;Тайны магических артефактов;;;;;;;142;;;;
9785162011436    ;Магия прошлого и будущего;Страницы этой книги наполнены душевными историями о взаимоотношениях и человеческих чувствах.;1;4310;26698;6;16x23 см;843;650.00;14;866;;143;Магия прошлого и будущего;;;;;;;143;;;;
9785207201444    ;Путешествие в иные эпохи;Здесь вы найдете рассказы о приключениях в далеких странах и встречах с невероятными существами.;11;4460;10966;4;15x19 см;703;540.00;23;4700;;144;Путешествие в иные эпохи;;;;;;;144;;;;
9785122401453    ;Загадки мистических миров;Эта книга предлагает вам погрузиться в мир научных открытий и революционных идей.;4;1180;16580;5;15x24 см;831;740.00;22;3045;;145;Загадки мистических миров;;;;;;;145;;;;
9785431211467    ;Секреты древних книг;Странички этой книги скрывают в себе тайны и загадки, которые ждут своего разгадывания.;10;5000;89913;2;16x23 см;858;580.00;47;1627;;146;Секреты древних книг;;;;;;;146;;;;
